dimension,category,status,evidence,limitations,next_required_action
1,Software Architecture,VERIFIED,588+ automated regression tests passing across backend ML adapters telemetry and decision gating with 0 warnings,Tested within CI/CD and development environment; production load scaling under active disaster surges unobserved in field.,Deploy distributed load testing cluster for peak monsoon concurrent traffic.
2,Model Immutability,VERIFIED,All 20 models M1-M20 preserved with zero retraining; frozen artifacts M2 M4 M6 M7 verified bit-identical via SHA-256,Model architectures and weights are fixed; cannot adapt dynamically to unrepresented geomorphic events.,Maintain immutable cryptographic freeze manifest for all production weights.
3,LoRa Transceiver,BENCH_VALIDATED,SX1276 binary 18-byte frame codec CRC-16 verification and sequence tracking verified on bench hardware,Bench tested at 15m line-of-sight in lab; mountain gorge multi-path and Fresnel zone loss unobserved in field.,Execute field RF propagation and RSSI survey along Rohtang and Kothi gorge corridors.
4,Telemetry Stream QC,VERIFIED,Stream QC engine detects flatline (QC_FLATLINE) rate-of-change spikes (QC_SPIKE) clock skew (>2h) and replay tamper,Tested on synthetic fault injection and physical bench loopback; long-term seasonal biofouling unobserved.,Deploy physical self-cleaning wiper mechanisms and anti-fouling sensor screens.
5,Database Schema,VERIFIED,SQLAlchemy/PostgreSQL schema with native columns for provenance environment quality_state and SHA-256 idempotency hash,SQLite used during fast test suites; PostgreSQL required for distributed production clustering.,Provision high-availability PostgreSQL cluster with TimescaleDB time-series partitioning.
6,Cryptographic Security,VERIFIED,Ed25519 digital signatures on operational alerts; SHA-256 deterministic event IDs; AES-128 payload encryption support,Key management uses local secure configurations; hardware security module (HSM) not provisioned.,Integrate FIPS 140-2 Level 3 hardware security module (HSM) for commander key storage.
7,Role-Based Access Control,VERIFIED,RBAC hierarchy (Observer < Analyst < Senior Incident Commander) verified across FastAPI endpoints,Local JWT authentication; government Single Sign-On (NIC / Aadhaar / Parichay) not integrated.,Connect to National Informatics Centre (NIC) Single Sign-On for district officials.
8,Alert Safety Gate,VERIFIED,Human-in-the-loop authorization gateway; automated ML systems strictly forbidden from public alert dispatch,Validated in software harness; live operational command center drill with district magistrates not executed.,Conduct multi-agency mock disaster drill with Kullu District Disaster Management Authority.
9,End-to-End Operational Pipeline,VERIFIED,Complete verified chain: Sensor -> LoRa -> Gateway -> QC -> Fusion -> M1-M20 -> Risk -> Safe-Zone -> Routing -> Commander Sign-off,Simulated emergency scenarios; actual live multi-agency dispatch pipeline pending agency MOUs.,Integrate bilateral telemetry feeds with HP State Emergency Operations Center (SEOC).
10,Operational Failure Resilience,VERIFIED,20 operational failure conditions injected and verified for graceful degradation and error containment,Tested in automated test harness; catastrophic hardware destruction in debris flows unobserved.,Deploy redundant triple-modular sensor arrays in high-risk torrent channels.
11,External Dataset Provenance,PARTIALLY_VERIFIED,5 authentic Tier 1 datasets from GSI (Report 2023) HPSDMA and Catena curated and SHA-256 verified in manifest,Limited sample sizes (N=20 scars N=24 flood marks N=7 storms); continuous CWC/IMD feeds unavailable.,Establish bilateral institutional data agreements with CWC and IMD for continuous telemetry.
12,Scientific Validation,PARTIALLY_VERIFIED,3 models have Preliminary External Evidence (M2 M6 M7) 2 Proxy Validated (M4 M11) 1 Global Empirical (M12) 9 Synthetic 5 Pending,9 models rely on synthetic test benches; 5 models await external data; extreme out-of-distribution events show significant domain shift.,Acquire multi-season radar and gauge archives from Ministry of Earth Sciences.
13,Confidence Intervals,VERIFIED,95% non-parametric bootstrap and Wilson score intervals computed across all validated models,Small sample sizes yield wide confidence intervals (e.g. M2 F1 [0.45 0.83] M6 AUROC [-0.05 0.39]),Expand empirical sample sizes through multi-year basin monitoring.
14,Small-Sample & Domain Shift,QUALIFIED,Explicit qualification of M6 domain shift on July 2023 350mm pulse and M7 single-storm limitation,Current models have limited generalization to extreme multi-decadal cloudburst events.,Incorporate physical process-based hydrologic and geotechnical constraints.
15,Physical Station Staging,VERIFIED,5 physical stations assembled bench-calibrated and staged in laboratory testbed under COMMISSIONED status,Hardware is bench-staged; alpine environmental weathering and sub-zero freeze unobserved.,Deploy environmental climate chamber testing down to -25 deg C with simulated icing.
16,Physical River Deployment,NOT_DEMONSTRATED,0 physical stations deployed in active river water; physical field river deployment is NOT_DEMONSTRATED,No active physical hardware installed in Upper Beas torrents; hydrodynamic destruction risk unobserved.,Obtain riverbed anchoring permits from HP PWD and Jal Shakti Vibhag for field pilot installation.
17,Simulated Soak Decoupling,VERIFIED,24h 100% PDR at 77.99 pkts/s strictly classified as SIMULATION_DEMONSTRATED; physical field RF decoupled,Software-only soak testing; physical environmental battery drain radio path loss and antenna weatherproofing unproven.,Conduct 30-day outdoor field RF pilot across Beas valley gorge topography.
18,Incident Commander Multi-Sig,VERIFIED,Dual-operator multi-signature protocol requiring both Lead Forecaster and Incident Commander sign-off,Validated within software test fixtures; physical biometric smart cards not integrated.,Implement dual-token FIDO2 WebAuthn hardware keys for emergency authorization.
19,Auditability & Evidence Ledger,VERIFIED,Cryptographic SHA-256 ledger for all models dataset manifests and automated audit logs persisted in reports/v4_0/,Immutable ledger is repository-based; distributed blockchain or external write-once-read-many (WORM) storage not deployed.,Export cryptographic audit logs to immutable cloud WORM storage bucket.
20,Reproducibility Manifest,VERIFIED,tools/validation/v40_independent_validator.py and reproducibility_manifest.json provide exact CLI commands dataset hashes and model hashes,Requires standard Python 3.11 environment with project dependencies.,Publish containerized Docker reproduction image with pre-packaged frozen artifacts.
