external_id,latitude,longitude,location_name,nearest_training_distance_m,overlap,accepted_for_validation,exclusion_reason
HP-KUL-2023-01,32.2712,77.1894,Bahang,662.58,False,True,SPATIALLY_INDEPENDENT (>500m)
HP-KUL-2023-02,32.2281,77.1852,Aloo Ground Manali,956.74,False,True,SPATIALLY_INDEPENDENT (>500m)
HP-KUL-2023-03,32.1994,77.1883,Kalath,666.36,False,True,SPATIALLY_INDEPENDENT (>500m)
HP-KUL-2023-04,32.1268,77.1471,Patli Kuhal,316.85,True,False,SPATIAL_LEAKAGE_BUFFER_EXCEEDED (<500m to training point)
HP-KUL-2023-05,32.0583,77.1259,Raison,366.03,True,False,SPATIAL_LEAKAGE_BUFFER_EXCEEDED (<500m to training point)
HP-KUL-2023-06,31.9852,77.1518,Devdhar Kharahal,768.25,False,True,SPATIALLY_INDEPENDENT (>500m)
HP-KUL-2023-07,32.3082,77.1784,Palchan,846.58,False,True,SPATIALLY_INDEPENDENT (>500m)
HP-KUL-2023-08,32.2895,77.1843,Nehru Kund,516.73,False,True,SPATIALLY_INDEPENDENT (>500m)
HP-KUL-2023-09,32.145,77.162,15-Mile Katrain,424.11,True,False,SPATIAL_LEAKAGE_BUFFER_EXCEEDED (<500m to training point)
HP-KUL-2023-10,32.1025,77.138,Dobhi,170.11,True,False,SPATIAL_LEAKAGE_BUFFER_EXCEEDED (<500m to training point)
HP-KUL-2023-11,31.992,77.131,Bashing,875.09,False,True,SPATIALLY_INDEPENDENT (>500m)
HP-KUL-2023-12,31.8845,77.1542,Gammon Bridge Bhuntar,511.97,False,True,SPATIALLY_INDEPENDENT (>500m)
HP-KUL-2023-13,31.849,77.161,Bajaura,85.65,True,False,SPATIAL_LEAKAGE_BUFFER_EXCEEDED (<500m to training point)
HP-KUL-2023-14,31.7452,77.2048,Aut Gorge Portal,524.17,False,True,SPATIALLY_INDEPENDENT (>500m)
HP-KUL-2023-15,31.7245,77.218,Larji Sainj Confluence,105.56,True,False,SPATIAL_LEAKAGE_BUFFER_EXCEEDED (<500m to training point)
HP-KUL-2023-16,32.358,77.225,Marhi,525.5,False,True,SPATIALLY_INDEPENDENT (>500m)
HP-KUL-2023-17,32.321,77.195,Kothi,396.94,True,False,SPATIAL_LEAKAGE_BUFFER_EXCEEDED (<500m to training point)
HP-KUL-2023-18,32.115,77.172,Naggar,706.31,False,True,SPATIALLY_INDEPENDENT (>500m)
HP-KUL-2023-19,32.138,77.155,Katrain Orchard Flank,449.15,True,False,SPATIAL_LEAKAGE_BUFFER_EXCEEDED (<500m to training point)
HP-KUL-2023-20,31.895,77.148,Shamshi,482.9,True,False,SPATIAL_LEAKAGE_BUFFER_EXCEEDED (<500m to training point)
