model_id,model_name,evidence_type,dataset,dataset_source,sample_count,independent,ground_truth_type,leakage_status,primary_metric,metric_value,confidence_interval,evidence_status,limitations,next_required_evidence
M1,Extreme Rainfall Nowcast,PENDING,NONE,IMD Doppler Weather Radar (DWR) & INSAT-3DR,0,True,NONE,NO_LEAKAGE,NONE,NONE,N/A,PENDING_EXTERNAL_DATA,No real-time IMD radar grid integration available in prototype testbed.,IMD Kullu/Shimla Doppler Weather Radar raw volume scan archives.
M2,Upper Beas Catchment Hydrological Runoff Model,PRELIMINARY_EXTERNAL,EXT_REAL_M2_FLOOD_EVENTS_2023,HPSDMA PDNA 2023 / CWC Thalout High-Water Survey,24,True,FIELD_VERIFIED_FLOOD_MARKS,LEAKAGE_FREE_SPATIALLY_FILTERED,F1_Score,0.6667,"[0.435, 0.840]",PRELIMINARY_EXTERNAL_EVIDENCE,"Small sample size (N=24: 12 flooded, 12 non-flooded); evaluates high-water footprint rather than continuous hydrograph.",Continuous hourly stage-discharge hydrographs from CWC Thalout gauge.
M3,Snowmelt Runoff Model (SRM),PENDING,NONE,NCMRWF / IMD WRF High-Resolution Grids,0,True,NONE,NO_LEAKAGE,NONE,NONE,N/A,PENDING_EXTERNAL_DATA,Requires multi-station anemometer telemetry and WRF 3km operational grid feeds.,Multi-point valley wind profilers and IMD mesonet telemetry.
M4,Satellite Multi-Modal U-Net Flood Inundation Model,PROXY_VALIDATION,BENCHMARK_PROXY_M11_SAR_EXTENTS,ISRO NRSC / Copernicus Sentinel-1 SAR Water Masks,3,True,SATELLITE_SAR_PROXY_WATER_MASK,NO_LEAKAGE,IoU,0.832,"[0.785, 0.871]",PROXY_VALIDATED_PROTOTYPE,Evaluated against 2D radar backscatter thresholded masks; radar subject to mountain shadow; NOT field ground truth.,Post-disaster drone photogrammetry and high-density differential GNSS flood mark surveys.
M5,Reservoir & Dam Operations Model,PENDING,NONE,Bhakra Beas Management Board (BBMB) Pandoh Dam,0,True,NONE,NO_LEAKAGE,NONE,NONE,N/A,PENDING_EXTERNAL_DATA,Requires official BBMB spillway gate operation logbooks and Pandoh reservoir water balance logs.,BBMB spillway gate opening logs and reservoir level records during high-flow episodes.
M6,Beas Basin Landslide Susceptibility Random Forest,PRELIMINARY_EXTERNAL,EXT_REAL_M7_PROCESSED_EVENTS,Geological Survey of India (GSI Report 2023) & HPSDMA / ASI,22,True,GPS_FIELD_SURVEYED_SCARS_AND_BEDROCK,LEAKAGE_FREE_SPATIALLY_FILTERED,AUROC,0.1653,"[0.045, 0.352]",PRELIMINARY_EXTERNAL_EVIDENCE,"Small sample size (N=20 scars, N=12 controls); highway corridor (NH-3) accessibility bias; high-altitude ridges under-sampled.",Basin-wide multi-catchment landslide inventory including remote ridgelines.
M7,Beas Basin Rainfall-Induced Landslide Trigger LightGBM,PRELIMINARY_EXTERNAL,EXT_REAL_M7_PROCESSED_EVENTS,GSI Report M4EGG/C/NR/SU-PHP/2023/46620 / HPSDMA / IMD AWS,22,True,FIELD_VERIFIED_POINT_OBSERVATIONS,LEAKAGE_FREE_SPATIALLY_FILTERED,F1_Score,0.6667,"[0.435, 0.840]",PRELIMINARY_EXTERNAL_EVIDENCE,"22 points sampled from ONE SINGLE storm event (July 9-10, 2023); does NOT represent 22 independent multi-year storms.",Multi-season storm catalog with in-situ piezometric pore pressure and soil moisture sensors.
M8,InSAR & GNSS Geotechnical Slope Displacement,PENDING,NONE,Sentinel-1 InSAR / GSI Real-Time GNSS Tiltmeters,0,True,NONE,NO_LEAKAGE,NONE,NONE,N/A,PENDING_EXTERNAL_DATA,In-situ slope displacement sensors and processed PS-InSAR velocity grids not yet integrated.,Continuous sub-centimeter GNSS station data and processed Sentinel-1 PS-InSAR velocity maps.
M9,Multi-Sensor Telemetry Anomaly Isolation Forest,SYNTHETIC_BENCHMARK,INTERNAL_INJECTED_BENCHMARK,FLOODY SHIELD Synthetic Fault Injection Testbench,250,False,SYNTHETIC_ANOMALY_LABELS,NOT_APPLICABLE_SYNTHETIC,F1_Score,0.942,"[0.902, 0.968]",SYNTHETIC_BENCHMARKED_PROTOTYPE,Software test fixture; evaluates simulated stuck floats and noise; does NOT establish physical telemetry reliability.,Multi-month raw telemetry anomaly logs from physical field-deployed sensor stations.
M10,River Stage & Discharge Hydrodynamic Model,SYNTHETIC_BENCHMARK,BENCHMARK_SYNTH_M10_CWC_STAGE,FLOODY SHIELD Synthetic Hydrograph Generator,850,False,SYNTHETIC_STAGE_RECORDS,NOT_APPLICABLE_SYNTHETIC,NSE,0.9942,"[0.9932, 0.9950]",SYNTHETIC_BENCHMARKED_PROTOTYPE,Synthetic benchmark; evaluates algorithmic fitting on generated hydrographs; NOT continuous CWC gauge observations.,Official authenticated hourly river stage records from CWC Thalout / Bhuntar stations.
M11,High-Resolution Flood Depth Delineation Model,PROXY_VALIDATION,BENCHMARK_PROXY_M11_SAR_EXTENTS,ISRO NRSC / Copernicus Sentinel-1 SAR Water Masks,3,True,SATELLITE_SAR_PROXY_WATER_MASK,NO_LEAKAGE,RMSE_m,0.42,"[0.35, 0.51]",PROXY_VALIDATED_PROTOTYPE,Evaluated against 2D satellite water extent proxy and static watermarks; continuous cross-sectional depth profile unavailable.,In-situ bathymetric Doppler velocity profiler (ADCP) transects during high flow.
M12,Landslide-Dam Burst & Cascade Flooding Model,GLOBAL_EMPIRICAL_BENCHMARK,GLOBAL_DAM_BREACH_FROEHLICH_111,Froehlich (2008) / Costa (1985) Published Historical Datasets,111,True,HISTORICAL_GLOBAL_DAM_BREACHES,NO_LEAKAGE,Peak_Q_RMSE_pct,24.5,"[19.2, 29.8]",GLOBAL_EMPIRICAL_BENCHMARK,Calibrated on global empirical dam breaches; regional in-situ landslide dam breach data for Upper Beas headwaters does not exist.,Geotechnical bathymetric and field surveys of local temporary landslide dams in Beas headwaters.
M13,Multi-Dimensional Socio-Economic Vulnerability,PENDING,NONE,Census of India / District Disaster Management Plan (DDMP) Kullu,0,True,NONE,NO_LEAKAGE,NONE,NONE,N/A,PENDING_EXTERNAL_DATA,Ward-level census socioeconomic data and local household vulnerability surveys pending integration.,Ward-level socioeconomic vulnerability census and post-disaster household compensation records.
M14,Critical Infrastructure Loss & Disruptability Engine,SYNTHETIC_BENCHMARK,BENCHMARK_SYNTH_M20_DAMAGE,FLOODY SHIELD Synthetic Infrastructure Loss Fixture,510,False,SYNTHETIC_DAMAGE_RECORDS,NOT_APPLICABLE_SYNTHETIC,R2,0.9648,"[0.9585, 0.9701]",SYNTHETIC_BENCHMARKED_PROTOTYPE,Evaluated against synthetic structural damage fixture; NOT certified civil engineering post-disaster audit records.,Official PWD road asset loss and bridge structural inspection damage surveys.
M15,Emergency Evacuation Routing & Shelter Optimization,SYNTHETIC_BENCHMARK,OSM_KULLU_ROAD_NETWORK,OpenStreetMap Graph Export + Synthetic Inundation Overlays,120,False,SYNTHETIC_GRAPH_BENCHMARK,NOT_APPLICABLE_SYNTHETIC,Route_Optimality_pct,98.2,"[96.8, 99.1]",SYNTHETIC_BENCHMARKED_PROTOTYPE,Evaluates network graph pathfinding on OSM data under simulated road cut scenarios; evacuation drills not conducted in field.,District administration emergency evacuation route drills and real-time road closure logs.
M16,Unified Multi-Hazard Risk Aggregator,SYNTHETIC_BENCHMARK,SIMULATED_MONSOON_SCENARIOS,FLOODY SHIELD Multi-Hazard Simulation Testbench,150,False,SYNTHETIC_RISK_PROFILES,NOT_APPLICABLE_SYNTHETIC,Rank_Correlation,0.912,"[0.875, 0.938]",SYNTHETIC_BENCHMARKED_PROTOTYPE,Assesses theoretical risk fusion consistency across simulated scenarios; lacks operational disaster emergency room verification.,Multi-hazard emergency response evaluation logs during actual monsoon disaster management operations.
M17,Early Warning Decision Gating & False Alarm Suppression,SYNTHETIC_BENCHMARK,HISTORICAL_WARNING_LOGS,FLOODY SHIELD Warning Simulation Fixture,85,False,SYNTHETIC_ALERT_RECORDS,NOT_APPLICABLE_SYNTHETIC,False_Alarm_Reduction_pct,78.5,"[69.4, 85.3]",SYNTHETIC_BENCHMARKED_PROTOTYPE,Benchmarked on simulated multi-source threshold triggers and simulated false alarms; not live operational dispatch.,Operational alert issuance and false alarm audit logs during official SDMA trial operations.
M18,Multi-Sensor Dynamic Calibration & Drift Compensation,SYNTHETIC_BENCHMARK,FIELD_CALIBRATION_LOGS,Benchtop Laboratory Environmental Chamber Simulation,60,False,SYNTHETIC_DRIFT_PROFILES,NOT_APPLICABLE_SYNTHETIC,Bias_Reduction_pct,86.4,"[79.1, 91.2]",SYNTHETIC_BENCHMARKED_PROTOTYPE,Tested against synthetic drift in testbench; long-term multi-season field biofouling and sediment scour unobserved.,Long-term 12-month in-situ continuous sensor drift and recalibration logs from mountain stream gauges.
M19,Flash Flood Wave Celerity & Time-to-Impact Forecaster,SYNTHETIC_BENCHMARK,BENCHMARK_SYNTH_M19_PROPAGATION,Synthetic Torrent Wave Simulation Harness,55,False,SYNTHETIC_CELERITY_EVENTS,NOT_APPLICABLE_SYNTHETIC,MAPE_pct,4.73,"[3.74, 5.91]",SYNTHETIC_BENCHMARKED_PROTOTYPE,Benchmarked on synthetic hydrograph wave travel times; genuine timestamped mountain surge telemetry currently unavailable.,Synchronized dual-gauge hydrograph arrival records during high-velocity flash floods.
M20,Post-Disaster Structural Damage Assessment Classifier,SYNTHETIC_BENCHMARK,BENCHMARK_SYNTH_M20_DAMAGE,Synthesized Structural Damage Inspection Fixture,510,False,SYNTHETIC_DAMAGE_GRADES,NOT_APPLICABLE_SYNTHETIC,Macro_F1,0.8388,"[0.8066, 0.8702]",SYNTHETIC_BENCHMARKED_PROTOTYPE,510 inspection points are synthesized benchmark fixtures; NOT official municipal post-disaster structural engineer sign-offs.,Official certified municipal structural inspection damage records following catastrophic disaster.
