evaluation_horizon,evaluation_tier,packets_attempted,packets_received,packet_delivery_ratio_pct,mean_latency_ms,crc_error_rate_pct,retransmission_rate_pct,uptime_pct,provenance_classification,operational_readiness_status,notes_limitations
24h,Software Soak Ingestion,6738336,6738336,100.00,12.8,0.00,0.00,100.00,SIMULATION_DEMONSTRATED,SIMULATED_BENCHMARK,"Stress test at 77.99 pkts/sec on simulated loopback harness; no radio path loss or physical noise."
72h,Software Soak Ingestion,20215008,20215008,100.00,13.1,0.00,0.00,100.00,SIMULATION_DEMONSTRATED,SIMULATED_BENCHMARK,"72h sustained software soak; verifies zero memory leaks and queue stability under synthetic load."
7d,Software Soak Ingestion,47168352,47168352,100.00,13.4,0.00,0.00,100.00,SIMULATION_DEMONSTRATED,SIMULATED_BENCHMARK,"7d virtual continuous run; demonstrates software daemon resilience under ideal synthetic traffic."
30d,Software Soak Ingestion,202150080,202150080,100.00,13.5,0.00,0.00,100.00,SIMULATION_DEMONSTRATED,SIMULATED_BENCHMARK,"Projected 30d software ingestion reliability based on verified 72h continuous zero-crash soak rate."
24h,Bench Physical LoRa RF Loopback,8640,8618,99.75,84.2,0.12,0.25,99.85,PHYSICAL_BENCH_TESTBED,BENCH_VALIDATED,"Laboratory bench test with Semtech SX1276 transceiver over 15m line-of-sight; ambient lab interference."
72h,Bench Physical LoRa RF Loopback,25920,25832,99.66,86.5,0.19,0.34,99.70,PHYSICAL_BENCH_TESTBED,BENCH_VALIDATED,"72h bench test; minor packet retries during laboratory Wi-Fi and power supply transient events."
7d,Bench Physical LoRa RF Loopback,60480,60128,99.42,88.9,0.31,0.58,99.50,PHYSICAL_BENCH_TESTBED,BENCH_VALIDATED,"7d indoor bench test; solar MPPT bench simulator cycling battery between 3.65V and 3.70V."
30d,Bench Physical LoRa RF Loopback,259200,257385,99.30,91.2,0.38,0.70,99.35,PHYSICAL_BENCH_TESTBED,BENCH_VALIDATED,"Long-run bench test extrapolation; does NOT reflect rugged outdoor mountain terrain."
24h,In-Situ Active River Water Deployment,0,0,0.00,N/A,N/A,N/A,0.00,NOT_DEMONSTRATED,NOT_DEMONSTRATED,"0 physical stations installed in active river channels; Himalayan gorge multipath unobserved."
72h,In-Situ Active River Water Deployment,0,0,0.00,N/A,N/A,N/A,0.00,NOT_DEMONSTRATED,NOT_DEMONSTRATED,"0 physical stations installed in active river channels; monsoon torrent survivability unobserved."
7d,In-Situ Active River Water Deployment,0,0,0.00,N/A,N/A,N/A,0.00,NOT_DEMONSTRATED,NOT_DEMONSTRATED,"0 physical stations installed in active river channels; sediment abrasion and debris impact unobserved."
30d,In-Situ Active River Water Deployment,0,0,0.00,N/A,N/A,N/A,0.00,NOT_DEMONSTRATED,NOT_DEMONSTRATED,"0 physical stations installed in active river channels; seasonal freeze-thaw and battery freezing unobserved."
