slide_id,location_name,latitude,longitude,event_date,landslide_type,corridor,source_report,field_verified,utm_easting_m,utm_northing_m,elevation_m,slope_deg,aspect_deg,profile_curvature,lithology_code,dist_to_road_m,dist_to_river_m,lulc_code,rainfall_1h,antecedent_rain_3d,soil_moisture_pct,surface_moisture_proxy_pct,landslide_triggered,susceptibility_class,pore_pressure_est_kpa,delta_pore_pressure_kpa,matric_suction_est_kpa,effective_normal_stress_kpa,modelled_infinite_slope_fos,slope_stability_indicator
HP-KUL-2023-01,Bahang,32.2712,77.1894,2023-07-09,Debris Flow,NH-3 Manali-Rohtang,GSI Report M4EGG/C/NR/SU-PHP/2023/46620,True,706211.25,3572601.06,2350.98,27.3,169.87,-5.0,2,692.62,785.43,1,46.236202,207.89369,79.96646,79.96646,1,1,8.840096,3.8844953,9.2194,19.586964,1.6615286,0.62427604
HP-KUL-2023-02,Aloo Ground Manali,32.2281,77.1852,2023-07-09,Slump / Embankment failure,NH-3 Beas Corridor,HPSDMA July 2023 Situation Report,True,705912.89,3567813.98,2009.19,8.99,141.8,2.5234,2,178.76,180.9,1,63.52143,198.27098,81.22815,81.22815,1,0,11.156918,4.937791,8.699329,23.964039,4.8569603,0.829263
HP-KUL-2023-03,Kalath,32.1994,77.1883,2023-07-09,Rock-Debris Slide,NH-3 Hot Springs corridor,GSI Report M4EGG/C/NR/SU-PHP/2023/46620,True,706269.89,3564637.64,1849.2,35.95,118.2,5.0,2,48.84,28.05,6,56.95982,154.86374,82.75319,82.75319,1,2,7.259522,3.0034475,9.478508,16.332653,1.3109542,0.5672783
HP-KUL-2023-06,Devdhar Kharahal,31.9852,77.1518,2023-07-10,Complex Slide,Kullu Left Bank Flank,HPSDMA 42-Point Geoparametric Datasheet,True,703302.79,3540818.01,1049.26,15.27,80.36,-3.9705,3,86.31,72.13,1,52.959755,152.72775,88.34799,88.34799,1,0,12.702967,6.2503457,4.6297455,20.799974,2.6257157,0.7241924
HP-KUL-2023-07,Palchan,32.3082,77.1784,2023-07-09,Debris Flow,Solang Nala Confluence,GSI Report M4EGG/C/NR/SU-PHP/2023/46620,True,705091.61,3576682.6,2492.2,42.78,112.6,5.0,2,773.94,881.1,1,39.68056,152.83832,78.394455,78.394455,1,2,5.2666044,1.9522617,12.585853,14.126868,1.2207658,0.5497049
HP-KUL-2023-08,Nehru Kund,32.2895,77.1843,2023-07-09,Rockfall,NH-3 Upper Corridor,HPSDMA Disaster Assessment 2023,True,705689.46,3574620.41,2442.06,25.93,143.77,-5.0,2,739.33,840.39,1,39.679836,161.29695,83.74199,83.74199,1,1,9.365352,4.0499096,8.397429,19.751179,1.7143197,0.6315836
HP-KUL-2023-11,Bashing,31.992,77.131,2023-07-09,Wedge Failure,NH-3 Kullu North Gate,GSI Report M4EGG/C/NR/SU-PHP/2023/46620,True,701322.33,3541533.03,1305.25,29.84,355.28,0.5649,3,883.81,1010.37,1,36.742508,176.73296,85.071045,85.071045,1,1,9.412616,4.3892136,6.566375,17.674305,1.4484618,0.59158033
HP-KUL-2023-12,Gammon Bridge Bhuntar,31.8845,77.1542,2023-07-10,Bank Slump,Parbati-Beas Confluence,HPSDMA Post-Monsoon PDNA,True,703751.74,3529657.3,1116.58,29.12,40.33,-5.0,3,1552.86,1797.48,1,60.985283,170.23615,75.78966,75.78966,1,1,7.209315,2.6699343,13.443777,20.265207,1.6928477,0.6286459
HP-KUL-2023-14,Aut Gorge Portal,31.7452,77.2048,2023-07-09,Rock-Debris Slide,Beas Canyon NH-3,GSI Landslide Study 2023,True,708852.18,3514308.51,958.11,15.24,104.76,-5.0,3,3500.0,4500.0,1,53.03345,160.38605,85.32826,85.32826,1,0,11.377926,5.144075,7.107986,22.134586,2.786942,0.7359347
HP-KUL-2023-16,Marhi,32.358,77.225,2023-07-09,Debris Slide,Rohtang Bypass Slopes,GSI Northern Region Survey 2023,True,709365.1,3582294.81,2865.16,18.68,114.39,5.0,1,3035.07,3541.26,1,56.242176,182.8297,77.89891,77.89891,1,0,9.113681,3.6273022,11.635192,23.193409,2.4944372,0.7138309
HP-KUL-2023-18,Naggar,32.115,77.172,2023-07-09,Shallow Debris Slide,Left Bank Valley Flank,HPSDMA PDNA 2023,True,704922.03,3555248.19,1600.83,44.79,77.6,-1.0833,3,606.9,684.59,1,35.617535,149.76457,76.10588,76.10588,1,2,4.634895,1.6266088,14.096548,13.497047,1.218519,0.5492489
CTRL-NEG-01,Control_Stable_Bench_1,31.954,77.108,2023-07-09,None (Stable Control),Upper Beas Valley Benches,Field Verified Stable Ground Control,True,,,1330.45,43.67,43.29,-5.0,3,1086.47,1248.79,1,63.466568,158.1146,83.437485,83.437485,0,2,5.9607553,2.534721,8.791802,12.874606,1.1189202,0.5280615
CTRL-NEG-02,Control_Stable_Bench_2,31.961,77.112,2023-07-09,None (Stable Control),Upper Beas Valley Benches,Field Verified Stable Ground Control,True,,,1342.77,40.53,11.19,-5.0,3,1074.88,1235.15,1,63.96896,186.37656,66.76985,66.76985,0,2,4.6028914,1.5756862,17.636065,16.194311,1.3803169,0.57988787
CTRL-NEG-03,Control_Stable_Bench_3,31.875,77.158,2023-07-09,None (Stable Control),Upper Beas Valley Benches,Field Verified Stable Ground Control,True,,,1111.78,18.7,182.16,-5.0,3,1864.31,2163.9,1,59.25192,161.81978,68.919655,68.919655,0,0,7.2084594,2.3556318,17.434692,25.091002,2.7396028,0.7325919
CTRL-NEG-04,Control_Stable_Bench_4,31.862,77.165,2023-07-09,None (Stable Control),Upper Beas Valley Benches,Field Verified Stable Ground Control,True,,,1054.55,30.36,342.0,5.0,3,2277.52,2650.03,1,44.138412,176.40475,65.90455,65.90455,0,1,5.749995,1.8990984,18.384624,21.05341,1.7658474,0.63844717
CTRL-NEG-05,Control_Stable_Bench_5,32.045,77.135,2023-07-09,None (Stable Control),Upper Beas Valley Benches,Field Verified Stable Ground Control,True,,,1550.78,10.2,4.95,2.5016,3,1327.81,1532.71,1,37.930164,178.26971,71.50661,71.50661,0,0,8.415663,2.9798055,15.52252,26.455412,4.82692,0.82838273
CTRL-NEG-06,Control_Stable_Bench_6,32.085,77.142,2023-07-09,None (Stable Control),Upper Beas Valley Benches,Field Verified Stable Ground Control,True,,,1705.27,37.11,88.45,-5.0,3,1428.04,1650.63,1,55.52699,152.93982,72.773544,72.773544,0,2,5.46201,1.8298025,15.806864,17.432987,1.43197,0.58881074
CTRL-NEG-07,Control_Stable_Bench_7,32.122,77.162,2023-07-09,None (Stable Control),Upper Beas Valley Benches,Field Verified Stable Ground Control,True,,,1735.93,46.27,47.28,0.8601,3,949.0,1087.06,5,48.204575,207.87093,70.42698,70.42698,0,2,4.233343,1.5922604,15.0401745,12.968954,1.2160479,0.5487462
CTRL-NEG-08,Control_Stable_Bench_8,32.175,77.182,2023-07-09,None (Stable Control),Upper Beas Valley Benches,Field Verified Stable Ground Control,True,,,1791.79,34.48,44.06,-5.0,3,253.52,268.85,1,38.661148,194.2593,81.57475,81.57475,0,1,7.7997394,3.4495268,8.609601,16.662611,1.3336029,0.57147807
CTRL-NEG-09,Control_Stable_Bench_9,32.215,77.175,2023-07-09,None (Stable Control),Upper Beas Valley Benches,Field Verified Stable Ground Control,True,,,1994.48,41.55,35.39,-4.7225,2,333.8,363.29,1,49.85531,205.76492,72.13506,72.13506,0,2,5.1357203,1.9650834,14.184711,15.026744,1.2810107,0.5615978
CTRL-NEG-10,Control_Stable_Bench_10,32.245,77.181,2023-07-09,None (Stable Control),Upper Beas Valley Benches,Field Verified Stable Ground Control,True,,,2100.51,30.05,9.47,-5.0,2,167.31,167.43,1,36.031654,202.63791,70.61869,70.61869,0,1,6.6162505,2.4638247,15.120602,20.35653,1.6927273,0.6286293
CTRL-NEG-11,Control_Stable_Bench_11,32.26,77.172,2023-07-09,None (Stable Control),Upper Beas Valley Benches,Field Verified Stable Ground Control,True,,,2141.5,39.84,56.91,5.0,2,61.54,42.99,1,62.279613,181.853,75.85392,75.85392,0,2,5.68215,2.1724138,12.942843,15.542471,1.2914963,0.56360394
