category,status,evidence,limitation
Software,VERIFIED,582 automated regression tests passing across backend ML adapters telemetry and decision gating with 0 warnings,Tested within CI/CD and development environment; production load scaling under active disaster surges unobserved in field.
Database,VERIFIED,Alembic migrations applied; PostgreSQL schema models (SensorStationModel SensorObservationModel) with provenance and environment tags verified,SQLite in-memory utilized during unit testing; production distributed clustering requires high-availability configuration.
LoRa,SIMULATED,SX1276 packet codec binary packing/unpacking CRC verification and gateway forwarder verified via synthetic byte packets,Tested via software simulation and loopback; no physical radio frequency (RF) link tests in Himachal gorge terrain.
Telemetry,SIMULATED,24-hour soak test harness (tools/reliability/long_run_harness.py) demonstrated 100% simulated PDR under synthetic packet ingestion,Software-only soak testing; physical environmental battery drain radio path loss and antenna weatherproofing unproven.
Sensor QC,VERIFIED,Stream quality control engine detects sensor flatline (QC_FLATLINE) and spike jumps (QC_SPIKE) isolating degraded records in real-time,Evaluated on synthesized sensor failures and simulated stepped floats; physical fouling/silt build-up unobserved.
Security,VERIFIED,Ed25519 cryptographic signatures on operational alert payloads; AES-128 LoRa payload payload encryption verification,Key management handled via local secure configurations; physical hardware HSM not provisioned.
RBAC,VERIFIED,Role-Based Access Control verified with granular permissions (Admin Operator Analyst Public Viewer) across FastAPI middleware,Local JWT authentication; agency SSO (e.g. NIC / Aadhaar integration) not connected.
Alert Authorization,VERIFIED,Multi-signature human-in-the-loop alert gating protocol requiring dual operator sign-off before warning dissemination,Validated within test harness; emergency command center drill with real district magistrates not executed.
Auditability,VERIFIED,Cryptographic SHA-256 ledger for all models dataset manifests and automated audit logs persisted in reports/v3_8_2/,Immutable ledger is repository-based; distributed blockchain or external write-once-read-many (WORM) storage not deployed.
Reproducibility,VERIFIED,tools/validation/reproduce_metrics.py and reproducibility_manifest.json provide exact CLI commands dataset hashes and model hashes,Requires standard Python 3.11 environment with project dependencies.
External Data,PARTIALLY_VERIFIED,5 authentic Tier 1 datasets from GSI (Report 2023) HPSDMA and Catena curated and SHA-256 verified in manifest,Limited sample size (N=20 scars N=24 flood marks N=7 storms); continuous high-resolution CWC and IMD feeds unavailable.
Scientific Validation,PARTIALLY_VERIFIED,3 models have Preliminary External Evidence (M2 M6 M7) 2 have Proxy Validation (M4 M11) 1 has Global Empirical Benchmark (M12),9 models rely on synthetic test benches; 5 models await external data; extreme out-of-distribution events show significant domain shift.
Field Deployment,NOT_DEMONSTRATED,5 physical stations configured and declared as PROTOTYPE_STAGING; exactly 0 in-situ stations deployed in active river water,No active physical hardware installed in Upper Beas torrents; physical survivability in alpine flash floods completely unobserved.
Operational Reliability,SIMULATED,Software ingestion reliability verified at 77.99 pkts/sec under simulated conditions; zero software crashes,Simulated test; does not represent physical field operational uptime or solar charging longevity through Himalayan winters.
Agency Integration,PENDING,API contracts designed to ingest IMD AWS CWC hydrographs and HPSDMA alerts,Real-time API credentials and bilateral data-sharing MOUs with CWC/IMD/BBMB remain in administrative pipeline.
