event_id,location_name,latitude,longitude,inundation_observed,nearest_training_dist_m,nearest_training_idx,nearest_train_lat,nearest_train_lon,leakage_status,is_spatially_independent
FL_01,Old Manali Club House Beas,32.2536,77.1855,1,460.02,769,32.257006,77.188277,SPATIAL_LEAKAGE_BUFFER_EXCEEDED (<500m),False
FL_02,Nehru Kund Bahang Corridor,32.2858,77.1782,1,101.93,2207,32.286673,77.17787,SPATIAL_LEAKAGE_BUFFER_EXCEEDED (<500m),False
FL_03,Aloo Ground Siyal Manali,32.2312,77.1895,1,816.59,1176,32.223876,77.190142,INDEPENDENT_POINT (>500m),True
FL_04,Kalath Green Tax Barrier,32.1985,77.195,1,587.96,6392,32.200129,77.200945,INDEPENDENT_POINT (>500m),True
FL_05,15 Mile Patli Kuhal Terrace,32.129,77.172,1,327.58,5237,32.129074,77.175478,SPATIAL_LEAKAGE_BUFFER_EXCEEDED (<500m),False
FL_06,Raison Adventure Camps Terrace,32.0585,77.151,1,273.16,8968,32.057072,77.148642,SPATIAL_LEAKAGE_BUFFER_EXCEEDED (<500m),False
FL_07,Akhara Bazar Kullu Confluence,31.9615,77.1085,1,562.26,1489,31.958955,77.11365,INDEPENDENT_POINT (>500m),True
FL_08,Bhuntar Airport Parbati Confluence,31.879,77.154,1,94.08,2035,31.879605,77.153304,SPATIAL_LEAKAGE_BUFFER_EXCEEDED (<500m),False
FL_09,Aut Tunnel Highway Approach,31.745,77.208,1,249.67,4607,31.746251,77.210193,SPATIAL_LEAKAGE_BUFFER_EXCEEDED (<500m),False
FL_10,Thalout Bazaar Reservoir Margins,31.716,77.225,1,134.53,9268,31.716814,77.226053,SPATIAL_LEAKAGE_BUFFER_EXCEEDED (<500m),False
FL_11,Sainj Valley Market Larji Margin,31.782,77.305,1,320.61,8777,31.784511,77.306667,SPATIAL_LEAKAGE_BUFFER_EXCEEDED (<500m),False
FL_12,Palchan Solang Confluence,32.316,77.158,1,661.13,2720,32.318848,77.164176,INDEPENDENT_POINT (>500m),True
NFL_01,Vashisht Upper Village Ridge,32.268,77.192,0,431.75,1151,32.269611,77.196178,SPATIAL_LEAKAGE_BUFFER_EXCEEDED (<500m),False
NFL_02,Naggar Castle Heritage Ridge,32.118,77.175,0,512.05,7084,32.118482,77.169593,INDEPENDENT_POINT (>500m),True
NFL_03,Jagatsukh Upper Village,32.195,77.21,0,122.38,9665,32.195683,77.20898,SPATIAL_LEAKAGE_BUFFER_EXCEEDED (<500m),False
NFL_04,Kullu Dhalpur Upper Ground,31.956,77.112,0,224.65,7034,31.956584,77.11428,SPATIAL_LEAKAGE_BUFFER_EXCEEDED (<500m),False
NFL_05,Solang Village Upper Moraine,32.321,77.149,0,367.81,4787,32.324239,77.149793,SPATIAL_LEAKAGE_BUFFER_EXCEEDED (<500m),False
NFL_06,Bajaura Upper Temple Ridge,31.851,77.159,0,250.46,4593,31.849752,77.161207,SPATIAL_LEAKAGE_BUFFER_EXCEEDED (<500m),False
NFL_07,Manikaran Upper Slope,32.027,77.348,0,294.28,3891,32.025035,77.345909,SPATIAL_LEAKAGE_BUFFER_EXCEEDED (<500m),False
NFL_08,Banjar Upper Town Ridge,31.637,77.342,0,462.85,4563,31.639377,77.337986,SPATIAL_LEAKAGE_BUFFER_EXCEEDED (<500m),False
NFL_09,Gushaini Upper Terrace,31.65,77.398,0,360.13,1038,31.652285,77.400696,SPATIAL_LEAKAGE_BUFFER_EXCEEDED (<500m),False
NFL_10,Haripur Upper Ridge,32.148,77.185,0,638.51,6400,32.147367,77.178259,INDEPENDENT_POINT (>500m),True
NFL_11,Marhi Alpine Meadow,32.355,77.228,0,425.94,2553,32.35815,77.230579,SPATIAL_LEAKAGE_BUFFER_EXCEEDED (<500m),False
NFL_12,Kasol Upper Forest Bench,32.01,77.315,0,42.04,2061,32.010002,77.315446,SPATIAL_LEAKAGE_BUFFER_EXCEEDED (<500m),False
