control_id,location_name,latitude,longitude,elevation_m,slope_deg,control_type,control_source,observation_period,label_confidence,justification,control_validity,corridor
CTRL_M6_01,Naggar Castle Heritage Bedrock Spur,32.1180,77.1750,1750,35.2,HERITAGE_BEDROCK_FOUNDATION,Archaeological Survey & HPSDMA Disaster Register 2023,1460-2023 (Historical & July 2023),HIGH,Competent Central Crystalline gneiss bedrock spur standing intact since 1460 AD; verified unfailed during July 2023 disaster,VALID_ABSENCE,Left Bank Beas Mid-Valley
CTRL_M6_02,Bajaura Temple Ridge,31.8510,77.1590,1100,28.4,HERITAGE_BEDROCK_FOUNDATION,Archaeological Survey of India & DDMA Kullu Report,750 AD-2023 (Historical & July 2023),HIGH,Visveshvara Mahadev temple bedrock knoll; zero slope displacement during July 2023 monsoonal deluge,VALID_ABSENCE,Southern Beas Corridor
CTRL_M6_03,Vashisht Upper Bedrock Outcrop,32.2680,77.1920,2050,38.1,MONITORED_BEDROCK_RIDGE,GSI Geothermal & Geomonitoring Surveys,1985-2023 (July 2023 post-disaster),HIGH,Pre-Cambrian crystalline bedrock ridge above Vashisht village; confirmed zero failure during July 2023 event,VALID_ABSENCE,Upper Manali Corridor
CTRL_M6_04,Kullu Dhalpur Civil Plateau,31.9560,77.1120,1280,8.2,CIVIC_INFRASTRUCTURE_BENCH,HPSDMA Emergency Operations Centre Logs 2023,1950-2023 (July 2023 active staging),HIGH,Geotechnically surveyed district administrative complex; served as active unfailed disaster relief center,VALID_ABSENCE,Kullu Central Basin
CTRL_M6_05,Banjar Administrative Ridge,31.6370,77.3420,1450,26.5,CIVIC_INFRASTRUCTURE_BENCH,DDMA Kullu Infrastructure Assessment 2023,1970-2023 (July 2023 post-disaster),HIGH,Sub-divisional magistrate administrative complex on quartzitic formation; unfailed during July 2023,VALID_ABSENCE,Tirthan Valley Flank
CTRL_M6_06,Haripur Left Bank Spur,32.1480,77.1850,1620,32.0,MONITORED_STABLE_SPUR,HPSDMA Field Inspection & GSI NLSM Map,2000-2023 (July 2023 post-disaster),HIGH,Competent schist bedrock spur on left bank; verified intact with zero displacement,VALID_ABSENCE,Beas Left Bank Mid-Valley
CTRL_M6_07,Gushaini Ecozone Terrace,31.6500,77.3980,1520,24.1,CIVIC_INFRASTRUCTURE_BENCH,Great Himalayan National Park Management Records,1999-2023 (July 2023 post-disaster),HIGH,GHNP gateway administrative terrace; verified zero slope failure during intense monsoons,VALID_ABSENCE,Tirthan Basin Ecozone
CTRL_M6_08,Marhi Alpine Observatory Platform,32.3550,77.2280,3300,22.3,MONITORED_WEATHER_STATION,IMD & Snow & Avalanche Study Establishment (SASE),1995-2023 (July 2023 post-disaster),HIGH,Bedrock platform hosting meteorological equipment; confirmed stable throughout 2023 season,VALID_ABSENCE,Rohtang Pass High Altitude
CTRL_M6_09,Solang Ski Moraine Stable Bench,32.3210,77.1490,2480,34.5,MONITORED_SPORTS_FACILITY,Atal Bihari Vajpayee Mountaineering Institute (ABVIMAS),1980-2023 (July 2023 post-disaster),HIGH,Ski slope upper terminal anchor bench; geotechnically inspected and confirmed zero mass movement,VALID_ABSENCE,Solang Valley
CTRL_M6_10,Kasol Upper Pine Forest Ridge,32.0100,77.3150,1750,31.2,UNDISTURBED_FOREST_RIDGE,Himachal Pradesh Forest Department Working Plans,1970-2023 (July 2023 post-disaster),HIGH,Undisturbed old-growth Pinus wallichiana forested ridge; dense root cohesion prevented failure,VALID_ABSENCE,Parbati Valley
CTRL_M6_11,Jagatsukh Upper Gneiss Bench,32.1950,77.2100,1950,33.0,HERITAGE_BEDROCK_FOUNDATION,HPSDMA Historical Settlement Records,1850-2023 (July 2023 post-disaster),HIGH,Upper historical settlement on massive gneiss formation; verified unfailed,VALID_ABSENCE,Left Bank Upper Valley
CTRL_M6_12,Larji Dam Monitored Abutment Ridge,31.7140,77.2210,1020,42.0,MONITORED_CIVIL_INFRASTRUCTURE,HPSEB Dam Safety Organisation Geodetic Prisms,2006-2023 (July 2023 daily telemetry),HIGH,Right abutment of Larji Dam monitored with bi-hourly geodetic prisms and inclinometers; verified stable,VALID_ABSENCE,Larji Gorge
